{"schemaVersion":"1.0","appDefinitionTemplate":{"id":"/providers/Microsoft.PowerApps/apps/","type":"Microsoft.PowerApps/apps","tags":{"primaryDeviceWidth":"640","primaryDeviceHeight":"1136","supportsPortrait":"true","supportsLandscape":"true","primaryFormFactor":"Phone","showStatusBar":"false","publisherVersion":"3.24072.14","minimumRequiredApiVersion":"2.2.0","hasComponent":"false","hasUnlockedComponent":"false","isUnifiedRootApp":"false","sienaVersion":"20240720T105638Z-3.24072.14.0"},"properties":{"appVersion":"2024-07-20T10:56:38Z","lifeCycleId":"Published","createdByClientVersion":{"major":3,"minor":24072,"build":14,"revision":0,"majorRevision":0,"minorRevision":0},"minClientVersion":{"major":3,"minor":24072,"build":14,"revision":0,"majorRevision":0,"minorRevision":0},"backgroundColor":"RGBA(0,176,240,1)","backgroundImageUri":"/14359531291636236650/N13e626a3-87cb-461e-9d06-62e90540c00b-logoSmallFile","displayName":"APP-CORSO-001","description":"","commitMessage":"","appUris":{"documentUri":{"value":"/14359531291636236650/N7d0452e9-be4b-4455-a516-179429904b83-document.msapp"},"imageUris":[],"additionalUris":[{"isSolutionAware":false,"value":"/14359531291636236650/N9829eb7c-3bbf-44fb-900c-d4310b37783f-identity.json"}]},"createdTime":"0001-01-01T00:00:00Z","lastModifiedTime":"0001-01-01T00:00:00Z","sharedGroupsCount":0,"sharedUsersCount":0,"connectionReferences":{},"databaseReferences":{},"almMode":"Environment","performanceOptimizationEnabled":false,"canConsumeAppPass":false,"enableModernRuntimeMode":false,"executionRestrictions":{"isTeamsOnly":false,"dataLossPreventionEvaluationResult":{"status":"Compliant","lastEvaluationDate":"2024-07-20T10:56:41.470923Z","violations":[],"violationsByPolicy":[],"violationErrorMessage":"The app uses the following connectors: ."}}},"appType":"ClassicCanvasApp","appComponents":[]}}