{"schemaVersion":"1.0","appDefinitionTemplate":{"id":"/providers/Microsoft.PowerApps/apps/","type":"Microsoft.PowerApps/apps","tags":{"primaryDeviceWidth":"640","primaryDeviceHeight":"1136","supportsPortrait":"true","supportsLandscape":"true","primaryFormFactor":"Phone","showStatusBar":"false","publisherVersion":"3.24072.14","minimumRequiredApiVersion":"2.2.0","hasComponent":"true","hasUnlockedComponent":"true","isUnifiedRootApp":"false","sienaVersion":"20240722T073455Z-3.24072.14.0"},"properties":{"appVersion":"2024-07-22T07:34:55Z","lifeCycleId":"Published","createdByClientVersion":{"major":3,"minor":24072,"build":14,"revision":0,"majorRevision":0,"minorRevision":0},"minClientVersion":{"major":3,"minor":24072,"build":14,"revision":0,"majorRevision":0,"minorRevision":0},"backgroundColor":"RGBA(0,176,240,1)","backgroundImageUri":"/14359531291636236650/Na698f74d-0930-4adc-bda4-4d105e1a8dc9-logoSmallFile","displayName":"APP-CORSO-001","description":"","commitMessage":"","appUris":{"documentUri":{"value":"/14359531291636236650/Ncaffc269-2fab-4ce0-85b0-121ad4d786da-document.msapp"},"imageUris":[],"additionalUris":[{"isSolutionAware":false,"value":"/14359531291636236650/N86f4f118-9300-43b5-9a1d-e9de3a08f739-identity.json"}]},"createdTime":"0001-01-01T00:00:00Z","lastModifiedTime":"0001-01-01T00:00:00Z","sharedGroupsCount":0,"sharedUsersCount":0,"connectionReferences":{"e796fbf5-b502-41ae-a85c-1a8c295141ce":{"id":"cee47d6c-695e-4641-861a-0033a71fdab0","displayName":"SQL Server","runtimePolicyName":"fb56cd99-869f-4f83-bdf7-c4ff0c648251","executionRestrictions":{"version":2,"modifiedOn":"2024-07-22 07:34:53","appVer":"3.24072.14","apiId":"/providers/microsoft.powerapps/apis/shared_sql","apiVer":2,"policy":"{\"tabularActions\":{\"[dbo].[categories]\":[\"post\",\"patch\",\"get\",\"delete\"],\"[dbo].[employees]\":[\"post\",\"patch\",\"get\",\"delete\"],\"[dbo].[products]\":[\"post\",\"patch\",\"get\",\"delete\"],\"[dbo].[subcategories]\":[\"post\",\"patch\",\"get\",\"delete\"]},\"serviceActions\":[]}"},"iconUri":"https://connectoricons-prod.azureedge.net/u/jayawan/releases/v1.0.1694/1.0.1694.3753/sql/icon.png","dataSources":["Categories","Employees","Products","SubCategories"],"dependencies":[],"dependents":[],"parameterHints":{},"parameterHintsV2":{},"isOnPremiseConnection":false,"sharedConnectionId":"6591ae18-32f2-4e62-9e28-078a35dd4467","bypassConsent":false,"dataSets":{"52.169.210.191%2c1493,ECommerce":{"dataSources":{"Categories":{"tableName":"[dbo].[Categories]"},"Employees":{"tableName":"[dbo].[Employees]"},"Products":{"tableName":"[dbo].[Products]"},"SubCategories":{"tableName":"[dbo].[SubCategories]"}}}},"apiTier":"Premium","isCustomApiConnection":false,"authenticationType":"sqlAuthentication","actions":["providers/PowerPlatform.Governance/Operations/Read","providers/PowerPlatform.Governance/Operations/Write","providers/PowerPlatform.Governance/Operations/Delete"],"endpoints":["52.169.210.191%2c1493,ECommerce"]},"59c99b1e-4b64-474e-a83d-1deda1572a09":{"id":"6fcfda46-5974-4f87-9f7e-d14018f04369","displayName":"Logic flows","iconUri":"https://connectoricons-prod.azureedge.net/releases/v1.0.1697/1.0.1697.3784/logicflows/icon.png","dataSources":["FlowSendMail"],"dependencies":["f67c8a96-5e34-47f5-b29d-d56a74f98742"],"dependents":[],"parameterHints":{"workflowName":{"value":"f7c84963-03e3-4ebc-b26f-ed079d50a721"},"workflowEntityId":{},"workflowDisplayName":{"value":"FlowSendMail"},"f67c8a96-5e34-47f5-b29d-d56a74f98742":{"value":"shared_office365"}},"parameterHintsV2":{"workflowName":{"value":"f7c84963-03e3-4ebc-b26f-ed079d50a721"},"workflowEntityId":{},"workflowDisplayName":{"value":"FlowSendMail"},"shared_office365":{"value":"f67c8a96-5e34-47f5-b29d-d56a74f98742"}},"isOnPremiseConnection":false,"bypassConsent":false,"dataSets":{},"apiTier":"Standard","isCustomApiConnection":false,"actions":["Run"],"nestedActions":[{"id":"/providers/Microsoft.PowerApps/apis/shared_office365/apiOperations/SendEmailV2","apiName":"Office 365 Outlook","actionName":"SendEmailV2","referencedResources":[]}]},"f67c8a96-5e34-47f5-b29d-d56a74f98742":{"id":"998ade15-c0a8-49c4-bc36-1fe9dd212030","displayName":"Office 365 Outlook","iconUri":"https://connectoricons-prod.azureedge.net/releases/v1.0.1686/1.0.1686.3706/office365/icon.png","dataSources":[],"dependencies":[],"dependents":["59c99b1e-4b64-474e-a83d-1deda1572a09"],"parameterHints":{},"parameterHintsV2":{},"isOnPremiseConnection":false,"bypassConsent":false,"dataSets":{},"apiTier":"Standard","isCustomApiConnection":false}},"databaseReferences":{},"almMode":"Environment","performanceOptimizationEnabled":false,"canConsumeAppPass":false,"enableModernRuntimeMode":false,"executionRestrictions":{"isTeamsOnly":false,"dataLossPreventionEvaluationResult":{"status":"Compliant","lastEvaluationDate":"2024-07-22T07:34:59.6895726Z","violations":[],"violationsByPolicy":[],"violationErrorMessage":"The app uses the following connectors: shared_sql, shared_logicflows, shared_office365."},"httpActionRestriction":{"appUsesSharepointHttpAction":false,"enforcementStrategy":"Legacy","evaluationTime":"2024-07-22T07:34:59.6894421Z"}}},"appType":"ClassicCanvasApp","appComponents":[]}}