{"__Version":"0.1","App":"ba6b8160-bd65-40e7-80b9-eec6085e8ec8","Test_7F478737223C4B69":"b3fc5bfc-c798-463e-b2af-ff7e2a4d5a1f","Host":"bad8e478-e1b0-4abe-a6d1-fd8d409c60bc","PopupConfirm":"d7e01cf9-246d-4ab6-b81a-79382b390301","CntConfirm":"17da4363-de5a-4ef6-b30f-27eb3c3fac74","LblMessage":"0f5284ff-09ba-4581-99c7-092e344fde22","BtnCancel":"a46c2d54-ad89-4525-97ce-82390eaf555d","BtnConfirm":"939e474f-6c25-4854-bbec-21ed7cd40871","GroupControls":"1d91640b-66f7-4a02-aadc-74f1f4c6637f","ScreenEmployees":"9c80c89d-3719-493b-ada3-9799704ae46f","ShapeHeaderEmployees":"e6de0648-e1ff-4712-8aed-56d484439f1c","IconBackEmployees":"c2d06fd1-9086-4013-b8d8-babcd0b47e18","LblHeaderEmployees":"1547ae54-89ed-448d-b477-0a4a118737b2","IconRefreshEmployees":"6f904e72-3b2a-4c84-8a00-daf9c7ac2453","IconSortEmployees":"8c9e4af4-d0f8-47eb-ad6c-ab523a2f15b9","IconNewEmployees":"03f4f86f-7447-449d-88cd-0df74a673c3c","TxtSearchEmployees":"e327b1db-6b0d-406e-953e-89c7da9e6eb4","IconSearchEmployees":"6cd9a542-f5bf-4a11-86ff-acc5461c4d06","ShapeSeparatorEmployees":"26132e04-43ae-4903-ba97-e12231f7274e","GalleryEmployees":"1f0beece-2450-478d-b980-d69409d48596","galleryTemplate1":"b9eba1cc-281d-4467-9452-4b186192ef99","ShapeSelectorEmployee":"6b33cadc-84e8-46cf-8396-623713ee204d","Shape_Employee_Initials":"b65ed975-4be1-432d-a3d3-746abe6f0f08","Lbl_Employee_Initials":"a63a385d-e0a0-4096-af75-531681395d78","Lbl_Employee_FullName":"7703513c-f9c8-408f-aa41-3b36f9cf90e3","IconDetailEmployee":"e27c0d90-62c1-4603-8bee-75560eaf90de","Lbl_Employee_Address":"6273feff-e02a-4b61-90f5-38e1b3810921","Lbl_Employee_MailAddress":"57763693-1d5e-4b6b-8b01-02435c087de2","ShapeSeparatorEmployee":"9f53d0d8-666b-4138-8dd3-d54c797860fa","ScreenEmployeesDetail":"c81bb80f-1e88-4ae7-919c-db06025578fa","ShapeHeaderEmployee":"1bc1f001-04a5-4e64-b0e0-17e44b933add","IconBackEmployee":"3bd6f305-ae25-4963-9b9d-a537ca673e1f","ConfirmEmployee":"82d7937b-b1df-4151-acb0-587fd86cfc09","LblHeaderEmployee":"faaa806c-52a2-4b7a-bb2c-93abb25d7582","IconSendMailEmployee":"2a1816ab-4959-4712-89b7-4be5b379cf61","IconDeleteEmployee":"63b49839-f71f-481a-bb1b-967ba76b59a2","IconSaveEmployee":"d6ba02f1-7ad8-49bd-820f-82a2c190d295","FormEmployee":"910cc093-c8d7-48f8-999a-e6f57a0aba32","Card_Employee_LastName":"72524182-876a-4575-b950-ad62dc037d3e","Star_Employee_LastName":"d858ea94-9ff4-47b6-aa43-95f5079760d4","Key_Employee_LastName":"fdf4759c-51b8-4906-8baf-cd747d4b4b8f","Value_Employee_LastName":"f216366e-842a-4e36-800f-1ab1b378dba6","Error_Employee_LastName":"7fd096e5-7a33-4d0b-a277-da2cb391682f","Card_Employee_FirstName":"e33ba3f9-1064-4e15-8dd3-22d67307601b","StarVisible_Employee_FirstName":"3712a699-4805-4623-bc3f-cf7827110e88","Key_Employee_FirstName":"41d0f686-9d72-4515-a6eb-738939957361","Value_Employee_FirstName":"dc5fccdc-e9ed-4623-ad58-69633c433809","ErrorMessage_Employee_FirstName":"ea25ed0b-03e0-449e-8bef-1b14f01cab77","Card_Employee_MiddleName":"c139b473-8d8a-4c8e-8e6a-869f2558ba61","Star_Employee_MiddleName":"509d7277-27e9-4756-9f4d-3e9a411eda23","Key_Employee_MiddleName":"e4c2a5eb-3e69-4097-8e0a-1f59c5a58619","Value_Employee_MiddleName":"8485ec5d-f35b-423e-a623-f07b31d67169","Error_Employee_MiddleName":"30ad6c5f-ba8e-4926-a376-b0f9c478408d","Card_Employee_Title":"fd79e75e-0907-4da5-a4a0-5ed3bb15eda3","Star_Employee_Title":"9dc10c24-57b7-4d56-82dc-e146ddab4136","Key_Employee_Title":"e2a9be4e-5c84-4be9-9001-a0d35f98ca7a","Value_Employee_Title":"ad2814d8-abeb-44b3-b2b8-4c102be6bbb1","Error_Employee_Title":"15f4a0f7-3af2-4bbb-a915-56fa74b18c37","Card_Employee_EmailAddress":"e3e9d631-ff24-46b8-b4df-b6bae64ae8fa","Star_Employee_EmailAddress":"39438508-2bf4-4f4f-854d-0f556a5a3a75","Key_Employee_EmailAddress":"48746130-d5e0-4098-970a-bc97b565a357","Value_Employee_EmailAddress":"cf67160b-e6d1-453b-85a2-5c2b60c8ac81","Error_Employee_EmailAddress":"38464067-1f18-4ce2-8725-9464fb77e964","Card_Employee_JobTitle":"68544797-b2c3-4071-8a97-041c22496f40","Star_Employee_JobTitle":"d8715de9-eced-492c-861f-da5e92ca7bd4","Key_Employee_JobTitle":"0bb0bc67-5c4c-4317-8f6f-5fec48877272","Value_Employee_JobTitle":"ec551017-c90c-4258-9c73-895fa70d955b","Error_Employee_JobTitle":"a85fb37f-6a1b-4f9f-b773-5b5227b10367","Card_Employee_PhoneNumberType":"9e2d9f87-8a59-4421-bf21-04a582247378","Star_Employee_PhoneNumberType":"205facdc-418a-4c52-aa50-ed949fcf897a","Key_Employee_PhoneNumberType":"ecbc92de-648e-497e-867f-3825c5836ab1","Value_Employee_PhoneNumberType":"40c655f4-f70c-4e52-b655-5714038dd970","Error_Employee_PhoneNumberType":"225527d9-fbe6-4317-a00d-e841e6d9a0bc","Card_Employee_PhoneNumber":"fce20f1e-6b3d-44ed-9518-a1e1077c735b","Star_Employee_PhoneNumber":"7ee727b2-8b61-4a32-a0f1-e82269d2c68e","Key_Employee_PhoneNumber":"07c35cee-46d1-4f29-a384-0e0c8e574ac2","Value_Employee_PhoneNumber":"dc30a0d3-228a-43ba-9b3a-69d065b7f4ca","Error_Employee_PhoneNumber":"4e3ca8e7-f31e-4fac-be90-08c4f92e11a1","Card_Employee_AddressLine":"a2d48aef-c484-42d2-ad53-824e5e6cb4c7","Star_Employee_AddressLine":"c6972b02-2e62-4610-8417-9119f802c1ec","Key_Employee_AddressLine":"575bf6e5-3a41-4f6d-96bd-44d82cdb79d5","Value_Employee_AddressLine":"cfd322f5-ded9-4619-af5d-57962411a301","Error_Employee_AddressLine":"10838d27-4833-4594-ab5c-c9676924da6f","ScreenHome":"61fa7297-e2d0-4af6-89eb-055f10155c46","ShapeHeaderHome":"87953e00-7c5a-4bbe-85fe-ea09ad8f5000","LblHeaderHome":"9a5d8f13-7950-477c-91e9-f0853224d810","CntHome":"9f923960-64b4-4ac0-9874-ed95fd974514","BtnMenuEmployees":"9d72d850-03e1-4fd4-934a-b96413f36f1d","BtnMenuProductsManager":"bb69b4c1-ed9e-4ed3-b299-906b715e31d9","ScreenProductsMenu":"f983bb2e-c2b4-4df7-9f3f-ca2c93cd34b1","ShapeHeaderProductsMenu":"6d762361-8bcc-42c0-97f4-97b3a1479e96","LblHeaderProductsMenu":"17fc03b4-7255-4387-b3ba-a6c85cd2603f","IconBackProductMenu":"a65b4254-9074-4d6d-8512-aee6747e7aa3","CntProductsMenu":"e94bb3bf-612e-485b-81be-af4a94fdbb09","BtnMenuProducts":"1aced687-bfb2-4a61-8f4a-5aa715008686","BtnMenuCategories":"c7264fde-f2ef-4f05-bb3b-cf2f36dba128","BtnMenuSubCategories":"15b790d9-110e-4ef2-98bb-9a64d1236c77","ScreenCategories":"24ae6a0f-945d-4d5b-af0f-45ee48260a24","ShapeHeaderCategories":"de2d1d0f-7c53-4384-8f93-a3217dd66916","IconRefreshCategories":"51bd0c8c-867f-41d6-9f6e-d4e69fcea96a","IconSortCategories":"34a501a2-0fa2-4bec-8a87-50f0f4f40e7c","IconNewCategories":"f0ddf99c-ab51-440e-9015-55f0579e4f70","IconBackCategories":"d4db1352-7d0d-4593-8ca2-22be08c7345e","LblHeaderCategories":"1369f730-ffb0-4f7d-9bc9-9e4d22e2f8dc","TxtSearchCategories":"e0952e91-cc74-449c-bfb3-cc89ae5b43db","IconSearchCategories":"684e6a4d-23ba-49b1-99f6-b171dcf3ff9a","ShapeSeparatorCategories":"697854da-7861-4d7c-bf45-754341200d12","GalleryCategories":"072e26d7-2ac1-41fb-b74b-0e2adddbc0ed","galleryTemplate1_1":"52033d7f-1018-4c42-804f-92db3cdb1489","ShapeSelectorCategory":"336dae87-b97d-4fad-9fbf-5d8d562fd0b6","IconDetailCategory":"17741d4a-2573-41a8-9347-070ec6e1c531","Lbl_Category_Name":"65fc39a4-25d0-4a45-90d6-5b903b14bd17","ShapeSeparatorCategory":"f357486d-de98-4b84-a426-917a8d161196","ScreenCategoriesDetail":"f3ca6656-11f6-4f3a-9340-482dd8a71821","ShapeHeaderCategory":"1689c46d-9687-4ad8-b06b-a4282905be1d","IconBackCategory":"8fd5a21f-0724-4927-9fc8-5eb9168a2ad2","ConfirmCategory":"421e51f7-c2d9-4345-b75a-11bc0dd6164c","LblHeaderCategory":"fce037a2-3118-4da9-b6aa-30c4478d1501","IconDeleteCategory":"b2b16565-927f-4745-917e-d60157049e26","IconSaveCategory":"bad0004c-f380-40f0-aab7-55d0afef8742","FormCategory":"8296dd79-4419-4242-bef6-a53b3696c3f4","Card_Category_Name":"80063a4c-31db-4f7e-b0aa-5a5dd55f5a3b","Star_Category_Name":"5b27ec88-d484-4be3-a74d-72130d2355a1","Key_Category_Name":"a520ae87-84ad-403e-87a4-020482714175","Value_Category_Name":"b20335dd-5c34-4e27-88d1-116677f44363","Error_Category_Name":"c944587b-793d-4ce9-8e13-6b055bbd4126","ScreenSubCategories":"3e97f3b1-792c-4d7c-a3b1-b81bef09ddd0","ShapeHeaderSubCategories":"fc5f6273-f834-46ae-a295-87530ae55c83","IconRefreshSubCategories":"9e101283-7cc5-4e88-b055-fd384c8b81f4","IconSortSubCategories":"88efed0d-699d-4a5a-9b58-b4207e04ed17","IconBackSubCategories":"124e6523-465a-4d23-b705-cfb4d3eb44bb","LblHeaderSubCategories":"27b1664b-db06-4366-9353-aad6c13b496f","IconNewSubCategories":"43efb8ca-e346-478a-9b77-b35815f5750f","TxtSearchSubCategories":"f93a6ac6-7cfe-46d0-97d4-29fc485ea00e","IconSearchSubCategories":"82d21092-9a28-4ab3-9063-13cc36dea92b","ShapeSeparatorSubCategories":"c9f37218-4bd0-43e4-a423-f0a77574b5a8","GallerySubCategories":"5d20c429-f31e-429a-8e4e-4a62f4e7e8bb","galleryTemplate1_2":"348531e7-4e30-4734-bb14-91f564f4b406","ShapeSelectorSubCategory":"4047efd0-9d51-4056-9b1d-fa5925ef1adf","Lbl_SubCategory_Name":"df06eb46-4bd7-48cd-a45a-e82b851e35ec","IconDetailSubCategory":"eb3590c7-3d17-4a4b-8cd7-5cf4e4130157","Lbl_SubCategory_Category":"cda502f3-a071-49cc-a8d0-3af4522fed60","ShapeSeparatorSubCategory":"adcef5e9-9a4c-4020-83d6-50cef886248a","ScreenSubCategoriesDetail":"6a79bef9-00f4-462a-8a1e-020b4ca31db2","ShapeHeaderSubCategory":"ca63bca1-b765-4845-9043-d9ffc93f1066","IconBackSubCategory":"7912b8e6-8685-48c6-812b-6ff218dc37bd","ConfirmSubCategory":"e4ea8930-8b6b-4b1b-924a-e6d05bc30a3c","LblHeaderSubCategory":"0014abb4-7eb0-4101-be73-a5aafa740305","IconDeleteSubCategory":"c52525a7-613a-4fdf-8b6a-2e5d3ee90071","IconSaveSubCategory":"36ef2f57-dfc4-4f62-8d47-18ff134a2c18","FormSubCategory":"8074db99-211e-4486-8e0f-5f9bc8a0b778","Card_SubCategory_Name":"812da2d5-fc81-4204-a566-372141c4f74e","Star_SubCategory_Name":"d6f3a854-6f66-47a0-9eb7-a91839cbe1e3","Key_SubCategory_Name":"fe248370-4201-4c06-ae08-418aa3b33d9c","Value_SubCategory_Name":"2fd51b70-c77b-467d-a1aa-79b0e8d9fba6","Error_SubCategory_Name":"6e359dd5-ce1e-4d38-bfcb-595b327e2ca4","Card_SubCategory_CategoryId":"3d2fd5aa-9807-4d2d-9683-794e1f4cf4bb","Star_SubCategory_CategoryId":"7c850f7c-35db-485b-95ab-04573ca89e16","Key_SubCategory_CategoryId":"19ef5f40-782e-47e0-a388-c88d07574232","Value_SubCategory_CategoryId":"667406e5-e34a-40b5-98c1-4a06f803088a","Error_SubCategory_CategoryId":"f2268317-3c3c-469a-8c1d-cc9c319c9f03","ScreenProducts":"b192e0a6-6382-4439-916f-2f037c24125f","ShapeHeaderProducts":"c503f775-db83-4a28-96e2-1e2e8360ccc7","IconRefreshProducts":"1d6783a3-c874-46f2-8d4e-a0d7a11a1bdd","IconSortProducts":"b0480ff4-8edc-4f87-8688-13a211e247ee","IconBackProducts":"e9221d78-0f6e-4536-a3be-292f67f1249e","LblHeaderProducts":"6ad401e9-61cc-4cf3-9c96-6769e158e17b","IconNewSubProducts":"aa31fe87-4e53-4c21-a5d3-59ba286f482a","TxtSearchProducts":"d52e5ec7-37f3-4640-932f-297f6b260fbe","IconSearchProducts":"7a0306da-1b68-464a-8598-254bf660af3f","ShapeSeparatorProducts":"7b2832b9-c05d-4d74-a602-940ebdbb9b74","GalleryProducts":"e8828ad8-459f-4a0e-9d1e-31c9d51631ac","galleryTemplate1_3":"eb1d44a4-9744-482c-b616-848ffbc4ae03","ShapeSelectorProduct":"7cfaf9db-558d-4c3f-a489-b63a3e3af975","Lbl_Product_ProductName":"ea4d0a4a-f211-45ae-a643-99d8a9175e61","IconDetailProduct":"b8c37b20-b52d-432a-8bd7-8b9c8f4b9e2c","Lbl_Product_Category":"93a1f27b-4a47-4958-b990-8f96fa391ac5","ShapeSeparatorProduct":"34db024a-600e-4ad3-87f5-cba5980ac449","ScreenProductDetail":"0230249b-9922-4879-821f-35808b32df41","ShapeHeaderProduct":"62ab32f5-26c8-4fb2-893c-b88010335880","IconBackProduct":"e030abe3-3bfc-4f4c-b0fc-8031e93d4ded","ConfirmProduct":"0d91ca21-d2b4-4e55-b740-dce455127386","LblHeaderProduct":"8693db4e-175d-4123-950e-91530b208c2c","IconDeleteProduct":"ce228672-325c-4279-8902-6e3f3f910ec1","IconSaveProduct":"da31885a-c085-4cb0-b84d-c7186726d05e","FormProduct":"3720414d-ccd5-4289-9175-67568397fc3d","Card_Product_ProductName":"ca09dd03-510b-406b-93b3-f9fa0e0bf4eb","Star_Product_ProductName":"b9398ec6-4397-4e8b-b2cf-6938f3b0489e","Key_Product_ProductName":"64644f3c-cbbe-414f-a717-d7e7b7e0987f","Value_Product_ProductName":"2ada40e2-ca65-4a9c-aca4-6b242c9c4223","Error_Product_ProductName":"bc686181-8ae2-4f8f-983b-c16935ab0ad8","Card_Product_CategoryId":"9cba4a38-f10d-4070-8660-6a8b7a4c2d4a","Star_Product_CategoryId":"0699cfda-8a87-4796-89b1-993f9e5b1983","Key_Product_CategoryId":"5f65610e-1f6e-466a-813c-e73ee5d385e3","Value_Product_CategoryId":"2df0c850-905f-4c67-97a2-89bf116d5061","Error_Product_CategoryId":"f5b8ef65-1f62-43ce-ad68-64a496fe3903","Card_Product_SubCategoryId":"4425e51f-665c-4d88-bf48-871220dc605e","Star_Product_SubCategoryId":"309ee6d9-3b3a-428a-986e-005d69533153","Key_Product_SubCategoryId":"8d36b686-2bf4-4481-ba0f-24588229ae01","Value_Product_SubCategoryId":"d8bbe824-4125-47eb-8c17-49d0fd9005b6","Error_Product_SubCategoryId":"1c5c4c3f-12e6-46bd-a0ed-88ab6fdab3f8","ScreenSendMail":"be6ee479-3338-4fe7-982f-e10bb6f99bd0","ShapeHeaderSendMail":"3304c785-8e7b-4086-9e77-5b5cf10e7819","IconBackSendMail":"d94e6708-fae2-4d9c-ba71-804617623c05","LblHeaderSendMail":"a5c9a354-1b6c-40f1-9e9e-701b2fa9fbe5","CntSendMail":"6253a7c1-e194-43e5-a16d-1ff8ae1b398a","CntTo":"d3ed60d9-7b88-4b71-97ea-d32069e60428","LblSendMail_Key_To":"32d941f2-197b-43bb-9354-8561a846a8c9","LblSendMail_Value_To":"609313d2-9830-47a3-9f2f-d7ab99580794","CntSubject":"1bfd215c-1906-4c02-9e57-6e8b54a22292","LblSendMail_Key_Subject":"750139e9-5eb7-492f-8085-0ba0b7691f11","TxtSendMail_Value_Subject":"8802b9d1-e214-45d3-9c8e-bc8f10f68125","CntBody":"f7ff2119-c7dd-436c-9900-41d6ba67713b","LblSendMail_Key_Body":"bd463341-f0f5-4edb-b6d6-100c9b079d0d","TxtSendMail_Value_Body":"ec602bf3-5d14-4cf6-a5ef-797519de6e2f","BtnSendMail":"109e9093-5f73-409f-aa97-33eb0f7c4b05"}