{"schemaVersion":"1.0","appDefinitionTemplate":{"id":"/providers/Microsoft.PowerApps/apps/","type":"Microsoft.PowerApps/apps","tags":{"primaryDeviceWidth":"640","primaryDeviceHeight":"1136","supportsPortrait":"true","supportsLandscape":"true","primaryFormFactor":"Phone","showStatusBar":"false","publisherVersion":"3.24072.14","minimumRequiredApiVersion":"2.2.0","hasComponent":"false","hasUnlockedComponent":"false","isUnifiedRootApp":"false","sienaVersion":"20240721T171240Z-3.24072.14.0"},"properties":{"appVersion":"2024-07-21T17:12:40Z","lifeCycleId":"Published","createdByClientVersion":{"major":3,"minor":24072,"build":14,"revision":0,"majorRevision":0,"minorRevision":0},"minClientVersion":{"major":3,"minor":24072,"build":14,"revision":0,"majorRevision":0,"minorRevision":0},"backgroundColor":"RGBA(0,176,240,1)","backgroundImageUri":"/14608414308992334639/N1f65d8fa-150e-497a-95c9-aa47eb277c2b-logoSmallFile","displayName":"APP-CORSO-003-BARCODE","description":"","commitMessage":"","appUris":{"documentUri":{"value":"/14608414308992334639/N26c7b970-c990-4bef-b794-c88f9e88e746-document.msapp"},"imageUris":[],"additionalUris":[{"isSolutionAware":false,"value":"/14608414308992334639/Nd4b32a8e-404f-4411-9f14-eb65fc41d07b-identity.json"}]},"createdTime":"0001-01-01T00:00:00Z","lastModifiedTime":"0001-01-01T00:00:00Z","sharedGroupsCount":0,"sharedUsersCount":0,"connectionReferences":{},"databaseReferences":{},"almMode":"Environment","performanceOptimizationEnabled":false,"canConsumeAppPass":false,"enableModernRuntimeMode":false,"executionRestrictions":{"isTeamsOnly":false,"dataLossPreventionEvaluationResult":{"status":"Compliant","lastEvaluationDate":"2024-07-21T17:07:31.7294265Z","violations":[],"violationsByPolicy":[],"violationErrorMessage":"The app uses the following connectors: ."}}},"appType":"ClassicCanvasApp","appComponents":[]}}